donchian_window,atr_trail_mult,atr_stop_mult,min_adx,risk_per_trade,max_bars_hold,is_cagr,is_dd,oos_cagr,oos_dd,full_cagr,full_dd,full_pf,trades
28,4.0,1.5,18.0,0.03,72,5.621706078180597,-0.15645471563006158,0.5836309064093288,-0.14997196472023888,3.5389279624354435,-0.15645471563006158,2.1775009912513252,181
28,4.0,1.5,18.0,0.03,96,5.5062210131029685,-0.15645471563006175,0.5836309064093288,-0.14997196472023888,3.4794314263985324,-0.15645471563006175,2.167914072223195,181
28,4.0,1.5,18.0,0.03,120,5.5062210131029685,-0.15645471563006175,0.5836309064093288,-0.14997196472023888,3.4794314263985324,-0.15645471563006175,2.167914072223195,181
28,4.0,1.8,18.0,0.03,72,5.14476823593359,-0.13808052196878454,0.5446481122613311,-0.12288240800410817,3.2651290777787194,-0.13808052196878454,2.143569713614892,172
28,4.5,1.8,18.0,0.03,72,5.150899029227308,-0.1362573641502039,0.5128597226984999,-0.12288240800410816,3.2461834649315913,-0.1362573641502039,2.135925763667849,158
28,4.0,1.8,18.0,0.03,96,5.055380457893844,-0.13808052196878456,0.5446481122613311,-0.12288240800410817,3.218513789956149,-0.13808052196878456,2.1350353692464306,172
28,4.0,1.8,18.0,0.03,120,5.055380457893844,-0.13808052196878456,0.5446481122613311,-0.12288240800410817,3.218513789956149,-0.13808052196878456,2.1350353692464306,172
28,4.5,1.8,18.0,0.03,96,5.040517408936568,-0.1362573641502039,0.5128597226984999,-0.12288240800410816,3.1889081915237725,-0.1362573641502039,2.1251607764611893,158
28,4.5,1.8,18.0,0.03,120,5.040517408936568,-0.1362573641502039,0.5128597226984999,-0.12288240800410816,3.1889081915237725,-0.1362573641502039,2.1251607764611893,158
28,4.5,1.8,16.0,0.03,72,4.8785930883979765,-0.15123876689410742,0.5311053011737505,-0.12288240800410806,3.116734103118217,-0.15123876689410742,2.0244652891277126,162
28,4.0,1.8,16.0,0.03,72,4.814785931902835,-0.15466902400511642,0.5619591340849801,-0.12288240800410831,3.1035993365740566,-0.15466902400511642,2.024731351566764,177
28,4.5,1.8,16.0,0.03,96,4.773098163665191,-0.1512387668941075,0.5311053011737505,-0.12288240800410806,3.0612049265645664,-0.1512387668941075,2.0147700214815076,162
28,4.5,1.8,16.0,0.03,120,4.773098163665191,-0.1512387668941075,0.5311053011737505,-0.12288240800410806,3.0612049265645664,-0.1512387668941075,2.0147700214815076,162
28,4.0,1.8,16.0,0.03,96,4.730198397552875,-0.1546690240051167,0.5619591340849801,-0.12288240800410831,3.058749471377822,-0.1546690240051167,2.016976140901577,177
28,4.0,1.8,16.0,0.03,120,4.730198397552875,-0.1546690240051167,0.5619591340849801,-0.12288240800410831,3.058749471377822,-0.1546690240051167,2.016976140901577,177
28,4.0,1.5,16.0,0.025,72,4.6881331800231045,-0.1541312831091318,0.5147130652904148,-0.12626819997242408,3.0187034461849205,-0.1541312831091318,2.1074739729595824,186
28,4.0,1.5,16.0,0.025,96,4.605388059843778,-0.15413128310913174,0.5147130652904148,-0.12626819997242408,2.9747814418560323,-0.15413128310913174,2.098390491764416,186
28,4.0,1.5,16.0,0.025,120,4.605388059843778,-0.15413128310913174,0.5147130652904148,-0.12626819997242408,2.9747814418560323,-0.15413128310913174,2.098390491764416,186
