window,params,is_cagr,is_pf,is_maxdd,oos_return,oos_pf,oos_maxdd,oos_trades
IS: 2006-2010 | OOS: 2010-2011,"{'donchian_window': 20, 'atr_trail_mult': 4.0, 'atr_stop_mult': 2.0, 'risk_per_trade': 0.01, 'use_vol_filter': True, 'use_regime_filter': True}",0.05551293588057771,11.655512020750848,-0.01040980371931581,-0.03814249181735341,0.05816687468783461,-0.038142491817353436,5
IS: 2007-2011 | OOS: 2011-2012,"{'donchian_window': 15, 'atr_trail_mult': 2.5, 'atr_stop_mult': 3.0, 'risk_per_trade': 0.01, 'use_vol_filter': True, 'use_regime_filter': True}",0.021510157407126362,4.253881737576906,-0.014759605769969996,0.048712286951462014,7.25859892609585,-0.007718751493686398,4
IS: 2008-2012 | OOS: 2012-2013,"{'donchian_window': 15, 'atr_trail_mult': 2.5, 'atr_stop_mult': 2.0, 'risk_per_trade': 0.01, 'use_vol_filter': True, 'use_regime_filter': True}",0.027951846702712668,3.7479894762965165,-0.022722056270646974,-0.01744800128945445,0.3480672775093512,-0.017448001289454406,3
IS: 2009-2013 | OOS: 2013-2014,"{'donchian_window': 15, 'atr_trail_mult': 2.5, 'atr_stop_mult': 2.0, 'risk_per_trade': 0.01, 'use_vol_filter': True, 'use_regime_filter': True}",0.019442571222978655,2.333941852125655,-0.027372377855494325,0.0,0.0,0.0,0
IS: 2010-2014 | OOS: 2014-2015,"{'donchian_window': 45, 'atr_trail_mult': 3.0, 'atr_stop_mult': 2.5, 'risk_per_trade': 0.01, 'use_vol_filter': False, 'use_regime_filter': True}",0.012796942825920032,1.8598396112235345,-0.03063259194692633,-0.007374606761487823,0.0,-0.007374606761487812,2
IS: 2011-2015 | OOS: 2015-2016,"{'donchian_window': 45, 'atr_trail_mult': 3.0, 'atr_stop_mult': 2.5, 'risk_per_trade': 0.01, 'use_vol_filter': False, 'use_regime_filter': True}",0.01408172381810835,2.85153093103133,-0.030632591946926694,-0.005081889073866641,0.0,-0.005081889073866623,2
IS: 2012-2016 | OOS: 2016-2017,"{'donchian_window': 45, 'atr_trail_mult': 3.0, 'atr_stop_mult': 3.0, 'risk_per_trade': 0.01, 'use_vol_filter': False, 'use_regime_filter': True}",0.004653660815352234,4.121515806263732,-0.0059515921582073816,-0.025947174972370757,0.031008509933647815,-0.026729955140410603,4
IS: 2013-2017 | OOS: 2017-2018,"{'donchian_window': 15, 'atr_trail_mult': 4.0, 'atr_stop_mult': 3.0, 'risk_per_trade': 0.01, 'use_vol_filter': False, 'use_regime_filter': True}",0.005442401077840664,4.001872251721215,-0.006761864880769262,-0.0004241395425610417,1.1802401389846522,-0.01226639257016286,4
IS: 2014-2018 | OOS: 2018-2019,"{'donchian_window': 15, 'atr_trail_mult': 4.0, 'atr_stop_mult': 2.0, 'risk_per_trade': 0.01, 'use_vol_filter': False, 'use_regime_filter': True}",0.009242041132409451,2.328758155868604,-0.02655533004704366,-0.03256337318907887,0.0,-0.03256337318907885,3
IS: 2015-2019 | OOS: 2019-2020,"{'donchian_window': 15, 'atr_trail_mult': 4.0, 'atr_stop_mult': 3.0, 'risk_per_trade': 0.01, 'use_vol_filter': False, 'use_regime_filter': True}",0.0044386718474886955,1.7473421414064028,-0.01776249842026899,0.023525385765525764,2.1003622175124526,-0.0206706930188282,6
IS: 2016-2020 | OOS: 2020-2021,"{'donchian_window': 15, 'atr_trail_mult': 3.5, 'atr_stop_mult': 2.0, 'risk_per_trade': 0.02, 'use_vol_filter': True, 'use_regime_filter': True}",0.052121837423859674,5.357538898118689,-0.040887093138961265,0.003773591671903498,1.110364280533747,-0.027838616330879595,6
IS: 2017-2021 | OOS: 2021-2022,"{'donchian_window': 45, 'atr_trail_mult': 3.5, 'atr_stop_mult': 2.0, 'risk_per_trade': 0.02, 'use_vol_filter': False, 'use_regime_filter': True}",0.06836409915674135,4.859513944575904,-0.040045293748445544,-0.04207094602488315,0.0,-0.04207094602488316,3
IS: 2018-2022 | OOS: 2022-2023,"{'donchian_window': 45, 'atr_trail_mult': 3.5, 'atr_stop_mult': 2.0, 'risk_per_trade': 0.01, 'use_vol_filter': False, 'use_regime_filter': True}",0.02687032748365792,3.6844966260696843,-0.02116760441951851,-0.00882309044368812,0.0,-0.008823090443688125,2
IS: 2019-2023 | OOS: 2023-2024,"{'donchian_window': 45, 'atr_trail_mult': 3.5, 'atr_stop_mult': 2.0, 'risk_per_trade': 0.01, 'use_vol_filter': False, 'use_regime_filter': True}",0.024372219105830206,3.4679229789849413,-0.021992976713462873,-0.023702867584643683,0.24862799655208173,-0.023702867584643683,5
IS: 2020-2024 | OOS: 2024-2025,"{'donchian_window': 55, 'atr_trail_mult': 2.5, 'atr_stop_mult': 2.0, 'risk_per_trade': 0.01, 'use_vol_filter': False, 'use_regime_filter': True}",0.0044533899175143166,1.4383717039942603,-0.01700833355421496,0.004426050136467019,1.2539218448447773,-0.028542181930216542,6
IS: 2021-2025 | OOS: 2025-2026,"{'donchian_window': 30, 'atr_trail_mult': 3.0, 'atr_stop_mult': 2.5, 'risk_per_trade': 0.01, 'use_vol_filter': True, 'use_regime_filter': True}",0.005315148250809365,2.0038755891506823,-0.02525687286628024,0.033835465716937074,4.527715488990616,-0.010574976581780793,4
IS: 2022-2026 | OOS: 2026-2027,"{'donchian_window': 30, 'atr_trail_mult': 3.0, 'atr_stop_mult': 2.5, 'risk_per_trade': 0.02, 'use_vol_filter': True, 'use_regime_filter': True}",0.03548246157689583,4.1822514472268075,-0.050078931721699714,-0.005134292646052363,0.0,-0.005134292646052345,1
